MODEL,STAIN,FOLD,DATASET,COLOR_SPACE,WEIGHTED_LOSS,TRUE_NEGATIVES,FALSE_POSITIVES,FALSE_NEGATIVES,TRUE_POSITIVES,LOSS,ACC,SENSITIVITY,SPECIFITY,PRECISION,F1,AUC,MCC
efficientnet,AZAN,1,ROS,RGB,False,172,0,82,90,0.5794344440449116,0.7616279069767442,0.5232558139534884,1.0,1.0,0.6870229007633588,0.7616279069767442,0.5952568425994088
efficientnet,AZAN,2,ROS,RGB,False,168,2,6,164,0.1308093176168554,0.9764705882352941,0.9647058823529412,0.9882352941176471,0.9879518072289156,0.9761904761904762,0.9764705882352942,0.9532050759983475
efficientnet,AZAN,3,ROS,RGB,False,169,0,122,47,0.5214093151177175,0.6390532544378698,0.2781065088757396,1.0,1.0,0.4351851851851852,0.6390532544378698,0.4018855900519561
efficientnet,AZAN,4,ROS,RGB,False,163,3,41,125,0.24035620007170252,0.8674698795180723,0.7530120481927711,0.9819277108433735,0.9765625,0.8503401360544217,0.8674698795180723,0.7549875015197142
efficientnet,AZAN,5,ROS,RGB,False,165,1,45,121,0.28882692467017346,0.8614457831325302,0.7289156626506024,0.9939759036144579,0.9918032786885246,0.8402777777777778,0.8614457831325302,0.7497072027996946
efficientnet,AZAN,1,ROS,RGB,True,164,8,57,115,0.4628066309662752,0.811046511627907,0.6686046511627907,0.9534883720930233,0.9349593495934959,0.7796610169491526,0.811046511627907,0.6489856366823124
efficientnet,AZAN,2,ROS,RGB,True,157,13,0,170,0.1046670195810935,0.961764705882353,1.0,0.9235294117647059,0.9289617486338798,0.9631728045325779,0.961764705882353,0.9262415976772796
efficientnet,AZAN,3,ROS,RGB,True,157,12,71,98,0.48823146954090635,0.7544378698224852,0.5798816568047337,0.9289940828402367,0.8909090909090909,0.7025089605734767,0.7544378698224852,0.5430435818039258
efficientnet,AZAN,4,ROS,RGB,True,160,6,0,166,0.13614190145429358,0.9819277108433735,1.0,0.963855421686747,0.9651162790697675,0.9822485207100592,0.9819277108433735,0.9644856443408243
efficientnet,AZAN,5,ROS,RGB,True,154,12,35,131,0.23472310301948743,0.858433734939759,0.7891566265060241,0.927710843373494,0.916083916083916,0.8478964401294499,0.858433734939759,0.7238491030301302
efficientnet,HE,1,ROS,RGB,False,850,3,56,797,0.11477879933567427,0.9654161781946072,0.9343493552168816,0.9964830011723329,0.99625,0.9643073200241984,0.9654161781946072,0.9326343566838551
efficientnet,HE,2,ROS,RGB,False,849,3,76,776,0.177071232978307,0.9536384976525821,0.9107981220657277,0.9964788732394366,0.9961489088575096,0.9515634580012262,0.9536384976525822,0.9106256910995303
efficientnet,HE,3,ROS,RGB,False,851,0,135,716,0.2785334429505569,0.9206815511163337,0.8413631022326674,1.0,1.0,0.9138481174218251,0.9206815511163338,0.8521539348030998
efficientnet,HE,4,ROS,RGB,False,849,1,85,765,0.15589286743279765,0.9494117647058823,0.9,0.9988235294117647,0.9986945169712794,0.9467821782178217,0.9494117647058824,0.9032449365177072
efficientnet,HE,5,ROS,RGB,False,843,3,89,757,0.08933369144709256,0.9456264775413712,0.8947990543735225,0.9964539007092199,0.9960526315789474,0.9427148194271482,0.9456264775413712,0.895893928867835
efficientnet,HE,1,ROS,RGB,True,847,6,27,826,0.07005142680929421,0.9806565064478311,0.9683470105509965,0.9929660023446659,0.9927884615384616,0.9804154302670623,0.9806565064478312,0.9616044687782134
efficientnet,HE,2,ROS,RGB,True,838,14,95,757,0.2066265370504397,0.9360328638497653,0.8884976525821596,0.9835680751173709,0.9818417639429312,0.9328404189772027,0.9360328638497653,0.8760336789563543
efficientnet,HE,3,ROS,RGB,True,844,7,139,712,0.2906360713016465,0.9142185663924794,0.836662749706228,0.9917743830787309,0.9902642559109874,0.9070063694267516,0.9142185663924794,0.8385865893197131
efficientnet,HE,4,ROS,RGB,True,840,10,39,811,0.12668666680069532,0.9711764705882352,0.9541176470588235,0.9882352941176471,0.9878197320341048,0.9706762417713943,0.9711764705882353,0.9429018763823546
efficientnet,HE,5,ROS,RGB,True,833,13,0,846,0.03707070085253065,0.9923167848699763,1.0,0.9846335697399528,0.9848661233993015,0.992375366568915,0.9923167848699763,0.9847498397047867
efficientnet,PAMS,1,ROS,RGB,False,175,1,18,158,0.2579023553566499,0.9460227272727273,0.8977272727272727,0.9943181818181818,0.9937106918238994,0.9432835820895522,0.9460227272727273,0.8962361054131533
efficientnet,PAMS,2,ROS,RGB,False,170,6,32,144,0.27285190333019604,0.8920454545454546,0.8181818181818182,0.9659090909090909,0.96,0.8834355828220859,0.8920454545454546,0.792789285677568
efficientnet,PAMS,3,ROS,RGB,False,175,0,34,141,0.2446245929173061,0.9028571428571428,0.8057142857142857,1.0,1.0,0.8924050632911392,0.9028571428571428,0.82136541704978
efficientnet,PAMS,4,ROS,RGB,False,166,6,25,147,0.2421698625697646,0.9098837209302325,0.8546511627906976,0.9651162790697675,0.9607843137254902,0.9046153846153846,0.9098837209302326,0.8248153100285723
efficientnet,PAMS,5,ROS,RGB,False,165,6,26,145,0.2564804004995446,0.9064327485380117,0.847953216374269,0.9649122807017544,0.9602649006622517,0.9006211180124224,0.9064327485380117,0.818482961357149
efficientnet,PAMS,1,ROS,RGB,True,151,25,7,169,0.16005949201908978,0.9090909090909092,0.9602272727272727,0.8579545454545454,0.8711340206185567,0.9135135135135135,0.9090909090909091,0.8224946536632995
efficientnet,PAMS,2,ROS,RGB,True,138,38,1,175,0.15125278586691077,0.8892045454545455,0.9943181818181818,0.7840909090909091,0.8215962441314554,0.8997429305912596,0.8892045454545454,0.7962021854318575
efficientnet,PAMS,3,ROS,RGB,True,148,27,0,175,0.12039991280862264,0.9228571428571428,1.0,0.8457142857142858,0.8663366336633663,0.9283819628647215,0.9228571428571428,0.855963356299049
efficientnet,PAMS,4,ROS,RGB,True,130,42,0,172,0.12962813224903372,0.877906976744186,1.0,0.7558139534883721,0.8037383177570093,0.8911917098445595,0.877906976744186,0.7794078749371337
efficientnet,PAMS,5,ROS,RGB,True,133,38,12,159,0.14828015192907457,0.8538011695906432,0.9298245614035088,0.7777777777777778,0.8071065989847716,0.8641304347826086,0.8538011695906433,0.7159261999835319
efficientnet,PAS,1,ROS,RGB,False,506,1,146,361,0.4626034791829318,0.8550295857988166,0.7120315581854043,0.9980276134122288,0.9972375690607734,0.8308400460299195,0.8550295857988166,0.741010595086401
efficientnet,PAS,2,ROS,RGB,False,503,2,42,463,0.13414880916623786,0.9564356435643564,0.9168316831683169,0.996039603960396,0.9956989247311828,0.954639175257732,0.9564356435643564,0.9157484617194618
efficientnet,PAS,3,ROS,RGB,False,497,7,151,353,0.43357042708094157,0.8432539682539683,0.7003968253968254,0.9861111111111112,0.9805555555555555,0.8171296296296297,0.8432539682539683,0.7163699261249326
efficientnet,PAS,4,ROS,RGB,False,496,6,68,434,0.19064062430089213,0.9262948207171314,0.8645418326693227,0.9880478087649402,0.9863636363636363,0.921443736730361,0.9262948207171315,0.8591675757821091
efficientnet,PAS,5,ROS,RGB,False,496,5,178,323,0.3846079451357295,0.8173652694610778,0.6447105788423154,0.9900199600798403,0.9847560975609756,0.7792521109770808,0.8173652694610778,0.6763324885640283
efficientnet,PAS,1,ROS,RGB,True,501,6,64,443,0.30529496485194746,0.930966469428008,0.873767258382643,0.9881656804733728,0.9866369710467706,0.9267782426778243,0.930966469428008,0.8676289659000613
efficientnet,PAS,2,ROS,RGB,True,493,12,0,505,0.07452871141457322,0.9881188118811881,1.0,0.9762376237623762,0.97678916827853,0.9882583170254403,0.9881188118811881,0.9765133570807211
efficientnet,PAS,3,ROS,RGB,True,485,19,114,390,0.34865881342973026,0.8680555555555555,0.7738095238095238,0.9623015873015873,0.9535452322738386,0.8543263964950711,0.8680555555555556,0.7495469553731523
efficientnet,PAS,4,ROS,RGB,True,479,23,62,440,0.18659842753434086,0.9153386454183267,0.8764940239043825,0.954183266932271,0.9503239740820735,0.9119170984455959,0.9153386454183268,0.833195521501849
efficientnet,PAS,5,ROS,RGB,True,481,20,76,425,0.35254905597416464,0.904191616766467,0.8483033932135728,0.9600798403193613,0.9550561797752809,0.8985200845665962,0.9041916167664671,0.8134810118160337
efficientnet_b4,AZAN,1,ROS,RGB,False,161,11,85,87,0.5358669681604519,0.7209302325581395,0.5058139534883721,0.936046511627907,0.8877551020408163,0.6444444444444445,0.7209302325581395,0.4894778016766061
efficientnet_b4,AZAN,2,ROS,RGB,False,157,13,4,166,0.4402550525525037,0.95,0.9764705882352941,0.9235294117647059,0.9273743016759777,0.9512893982808023,0.95,0.9012639031167148
efficientnet_b4,AZAN,3,ROS,RGB,False,155,14,94,75,0.5927732548064734,0.6804733727810651,0.4437869822485207,0.9171597633136095,0.8426966292134831,0.5813953488372093,0.6804733727810651,0.40976528085938524
efficientnet_b4,AZAN,4,ROS,RGB,False,151,15,73,93,0.5393515588289284,0.7349397590361446,0.5602409638554217,0.9096385542168675,0.8611111111111112,0.6788321167883211,0.7349397590361446,0.5014858873767987
efficientnet_b4,AZAN,5,ROS,RGB,False,153,13,36,130,0.453292236988803,0.8524096385542169,0.7831325301204819,0.9216867469879518,0.9090909090909091,0.8414239482200647,0.8524096385542168,0.7116835718867666
efficientnet_b4,AZAN,1,ROS,RGB,True,3,169,0,172,0.29093159665895063,0.5087209302325582,1.0,0.01744186046511628,0.5043988269794721,0.6705653021442495,0.5087209302325582,0.09379580992210836
efficientnet_b4,AZAN,2,ROS,RGB,True,0,170,0,170,0.24049025774002075,0.5,1.0,0.0,0.5,0.6666666666666666,0.5,nan
efficientnet_b4,AZAN,3,ROS,RGB,True,2,167,0,169,0.3128833897720427,0.5059171597633136,1.0,0.011834319526627219,0.5029761904761905,0.6693069306930693,0.5059171597633136,0.07715167498104596
efficientnet_b4,AZAN,4,ROS,RGB,True,0,166,0,166,0.2967512568077409,0.5,1.0,0.0,0.5,0.6666666666666666,0.5,nan
efficientnet_b4,AZAN,5,ROS,RGB,True,1,165,0,166,0.2428290158151144,0.5030120481927711,1.0,0.006024096385542169,0.5015105740181269,0.6680080482897385,0.5030120481927711,0.054964970992931274
efficientnet_b4,HE,1,ROS,RGB,False,830,23,131,722,0.23189710471931962,0.9097303634232121,0.8464243845252052,0.9730363423212193,0.9691275167785235,0.9036295369211514,0.9097303634232122,0.8261089846897918
efficientnet_b4,HE,2,ROS,RGB,False,831,21,139,713,0.194290075013895,0.9061032863849765,0.8368544600938967,0.9753521126760564,0.9713896457765667,0.8991172761664565,0.9061032863849765,0.8201101697143095
efficientnet_b4,HE,3,ROS,RGB,False,826,25,168,683,0.3598685140965548,0.8866039952996474,0.8025851938895417,0.9706227967097533,0.9646892655367232,0.8762026940346376,0.8866039952996475,0.7843611463437553
efficientnet_b4,HE,4,ROS,RGB,False,814,36,38,812,0.1427510380744934,0.9564705882352941,0.9552941176470588,0.9576470588235294,0.9575471698113207,0.9564193168433451,0.9564705882352942,0.9129437036538885
efficientnet_b4,HE,5,ROS,RGB,False,819,27,73,773,0.1457686574323803,0.9408983451536643,0.9137115839243499,0.9680851063829787,0.96625,0.9392466585662211,0.9408983451536643,0.8831030949063557
efficientnet_b4,HE,1,ROS,RGB,True,507,346,0,853,0.16218045402803008,0.7971864009378663,1.0,0.5943728018757327,0.7114261884904087,0.8313840155945419,0.7971864009378664,0.6502710027218016
efficientnet_b4,HE,2,ROS,RGB,True,482,370,0,852,0.16058080206174805,0.7828638497652582,1.0,0.5657276995305164,0.6972176759410802,0.8216007714561234,0.7828638497652582,0.6280408839256887
efficientnet_b4,HE,3,ROS,RGB,True,558,293,61,790,0.21390547290812087,0.7920094007050529,0.9283196239717979,0.6556991774383079,0.7294552169898431,0.8169596690796277,0.7920094007050529,0.6070113838918672
efficientnet_b4,HE,4,ROS,RGB,True,460,390,0,850,0.14185189315501381,0.7705882352941176,1.0,0.5411764705882353,0.6854838709677419,0.8133971291866029,0.7705882352941176,0.6090712125322324
efficientnet_b4,HE,5,ROS,RGB,True,455,391,0,846,0.15708486193319865,0.7689125295508275,1.0,0.5378250591016549,0.6839126919967664,0.8122899663946231,0.7689125295508275,0.6064860954659494
efficientnet_b4,PAMS,1,ROS,RGB,False,160,16,37,139,0.48173381794582715,0.8494318181818182,0.7897727272727273,0.9090909090909091,0.896774193548387,0.8398791540785498,0.8494318181818181,0.7038921944341303
efficientnet_b4,PAMS,2,ROS,RGB,False,155,21,30,146,0.4827955879948356,0.8551136363636364,0.8295454545454546,0.8806818181818182,0.874251497005988,0.8513119533527697,0.8551136363636365,0.7111576943437428
efficientnet_b4,PAMS,3,ROS,RGB,False,167,8,42,133,0.47826079045023234,0.8571428571428571,0.76,0.9542857142857143,0.9432624113475178,0.8417721518987342,0.8571428571428572,0.72816083071789
efficientnet_b4,PAMS,4,ROS,RGB,False,151,21,14,158,0.46780968405479606,0.8982558139534884,0.9186046511627907,0.877906976744186,0.88268156424581,0.9002849002849003,0.8982558139534884,0.7971720798352133
efficientnet_b4,PAMS,5,ROS,RGB,False,160,11,54,117,0.5366925199826559,0.8099415204678362,0.6842105263157895,0.935672514619883,0.9140625,0.782608695652174,0.8099415204678362,0.6404629239927522
efficientnet_b4,PAMS,1,ROS,RGB,True,1,175,0,176,0.2584795464168895,0.5028409090909091,1.0,0.005681818181818182,0.5014245014245015,0.6679316888045541,0.5028409090909091,0.05337605126836238
efficientnet_b4,PAMS,2,ROS,RGB,True,1,175,0,176,0.25818160582672467,0.5028409090909091,1.0,0.005681818181818182,0.5014245014245015,0.6679316888045541,0.5028409090909091,0.05337605126836238
efficientnet_b4,PAMS,3,ROS,RGB,True,2,173,0,175,0.26505139810698375,0.5057142857142857,1.0,0.011428571428571429,0.5028735632183908,0.6692160611854685,0.5057142857142857,0.07580980435789034
efficientnet_b4,PAMS,4,ROS,RGB,True,0,172,0,172,0.2492528634015904,0.5,1.0,0.0,0.5,0.6666666666666666,0.5,nan
efficientnet_b4,PAMS,5,ROS,RGB,True,0,171,0,171,0.28929429618935837,0.5,1.0,0.0,0.5,0.6666666666666666,0.5,nan
efficientnet_b4,PAS,1,ROS,RGB,False,472,35,123,384,0.34427032544768066,0.844181459566075,0.757396449704142,0.9309664694280079,0.9164677804295943,0.8293736501079914,0.8441814595660749,0.6989722476065334
efficientnet_b4,PAS,2,ROS,RGB,False,465,40,49,456,0.2940144086238181,0.9118811881188119,0.902970297029703,0.9207920792079208,0.9193548387096774,0.9110889110889111,0.9118811881188119,0.8238932274312638
efficientnet_b4,PAS,3,ROS,RGB,False,466,38,133,371,0.3455434479410686,0.8303571428571428,0.7361111111111112,0.9246031746031746,0.9070904645476773,0.8127053669222344,0.8303571428571429,0.672773951857843
efficientnet_b4,PAS,4,ROS,RGB,False,435,67,60,442,0.33345944199904026,0.8735059760956175,0.8804780876494024,0.8665338645418327,0.8683693516699411,0.874381800197824,0.8735059760956175,0.7470845877931712
efficientnet_b4,PAS,5,ROS,RGB,False,472,29,244,257,0.4407216681691701,0.7275449101796406,0.5129740518962076,0.9421157684630739,0.8986013986013986,0.6531130876747141,0.7275449101796407,0.5038431045172751
efficientnet_b4,PAS,1,ROS,RGB,True,78,429,0,507,0.21566152175855355,0.576923076923077,1.0,0.15384615384615385,0.5416666666666666,0.7027027027027027,0.5769230769230769,0.28867513459481287
efficientnet_b4,PAS,2,ROS,RGB,True,68,437,0,505,0.20440191874409666,0.5673267326732674,1.0,0.13465346534653466,0.5360934182590233,0.6979958534899793,0.5673267326732674,0.26867608103075846
efficientnet_b4,PAS,3,ROS,RGB,True,80,424,0,504,0.23432302167491306,0.5793650793650793,1.0,0.15873015873015872,0.5431034482758621,0.7039106145251397,0.5793650793650793,0.29361010975735174
efficientnet_b4,PAS,4,ROS,RGB,True,59,443,0,502,0.2038229163661896,0.5587649402390438,1.0,0.11752988047808766,0.5312169312169313,0.6938493434692468,0.5587649402390438,0.24986768985577634
efficientnet_b4,PAS,5,ROS,RGB,True,74,427,0,501,0.2502211090214476,0.5738522954091816,1.0,0.14770459081836326,0.5398706896551724,0.7011896431070679,0.5738522954091816,0.2823851612786069
inception,AZAN,1,ROS,RGB,False,172,0,72,100,0.6387002357216769,0.7906976744186046,0.5813953488372093,1.0,1.0,0.7352941176470589,0.7906976744186047,0.6401843996644798
inception,AZAN,2,ROS,RGB,False,170,0,21,149,0.16135918024708243,0.9382352941176471,0.8764705882352941,1.0,1.0,0.9341692789968652,0.9382352941176471,0.8832353661634507
inception,AZAN,3,ROS,RGB,False,169,0,108,61,1.2313746093998295,0.6804733727810651,0.3609467455621302,1.0,1.0,0.5304347826086957,0.6804733727810651,0.469272422477813
inception,AZAN,4,ROS,RGB,False,164,2,124,42,0.759928346398365,0.6204819277108434,0.25301204819277107,0.9879518072289156,0.9545454545454546,0.4,0.6204819277108433,0.3553345272593507
inception,AZAN,5,ROS,RGB,False,166,0,80,86,0.7226346285946398,0.7590361445783133,0.5180722891566265,1.0,1.0,0.6825396825396826,0.7590361445783133,0.5912643198561531
inception,AZAN,1,ROS,RGB,True,172,0,116,56,0.9497497067895047,0.6627906976744186,0.32558139534883723,1.0,1.0,0.49122807017543857,0.6627906976744187,0.4409585518440984
inception,AZAN,2,ROS,RGB,True,170,0,57,113,0.4876650382490719,0.8323529411764706,0.6647058823529411,1.0,1.0,0.7985865724381626,0.8323529411764705,0.7055475581618817
inception,AZAN,3,ROS,RGB,True,167,2,123,46,1.3018086570254443,0.6301775147928994,0.27218934911242604,0.9881656804733728,0.9583333333333334,0.423963133640553,0.6301775147928994,0.3729349269914457
inception,AZAN,4,ROS,RGB,True,164,2,31,135,0.5403340505548271,0.9006024096385543,0.8132530120481928,0.9879518072289156,0.9854014598540146,0.8910891089108911,0.9006024096385542,0.813718241165816
inception,AZAN,5,ROS,RGB,True,164,2,72,94,0.564930329121739,0.7771084337349398,0.5662650602409639,0.9879518072289156,0.9791666666666666,0.7175572519083969,0.7771084337349398,0.6112181039706439
inception,HE,1,ROS,RGB,False,853,0,203,650,0.2573408867382081,0.8810082063305978,0.7620164126611958,1.0,1.0,0.8649367930805056,0.881008206330598,0.7845573930760599
inception,HE,2,ROS,RGB,False,852,0,100,752,0.259598215788323,0.9413145539906104,0.8826291079812206,1.0,1.0,0.9376558603491272,0.9413145539906103,0.8887721678734966
inception,HE,3,ROS,RGB,False,851,0,265,586,0.7046582395764621,0.8443008225616921,0.6886016451233843,1.0,1.0,0.8155880306193458,0.8443008225616921,0.724630668502767
inception,HE,4,ROS,RGB,False,849,1,147,703,0.2852183619667502,0.9129411764705881,0.8270588235294117,0.9988235294117647,0.9985795454545454,0.9047619047619048,0.9129411764705881,0.8383417856797122
inception,HE,5,ROS,RGB,False,846,0,63,783,0.08761918241814237,0.9627659574468085,0.925531914893617,1.0,1.0,0.9613259668508287,0.9627659574468085,0.9281089045009003
inception,HE,1,ROS,RGB,True,851,2,101,752,0.20336475068073315,0.9396248534583821,0.8815943728018757,0.9976553341148886,0.9973474801061007,0.9359054138145613,0.9396248534583822,0.885232023517729
inception,HE,2,ROS,RGB,True,850,2,153,699,0.5022275129359373,0.909037558685446,0.8204225352112676,0.9976525821596244,0.9971469329529244,0.9001931745009659,0.909037558685446,0.83123400713189
inception,HE,3,ROS,RGB,True,851,0,258,593,0.7560086211782785,0.8484136310223267,0.6968272620446534,1.0,1.0,0.8213296398891967,0.8484136310223267,0.7312427506133765
inception,HE,4,ROS,RGB,True,844,6,117,733,0.2314590760276598,0.9276470588235294,0.8623529411764705,0.9929411764705882,0.9918809201623816,0.9225928256765261,0.9276470588235294,0.8626815258861209
inception,HE,5,ROS,RGB,True,842,4,65,781,0.14571197163621866,0.9592198581560284,0.9231678486997635,0.9952718676122931,0.9949044585987261,0.9576946658491723,0.9592198581560283,0.9208365454294692
inception,PAMS,1,ROS,RGB,False,176,0,70,106,0.5152404660528357,0.8011363636363636,0.6022727272727273,1.0,1.0,0.75177304964539,0.8011363636363636,0.6564254024206326
inception,PAMS,2,ROS,RGB,False,176,0,87,89,0.7270148965445432,0.7528409090909091,0.5056818181818182,1.0,1.0,0.6716981132075471,0.7528409090909092,0.5817241973866095
inception,PAMS,3,ROS,RGB,False,173,2,50,125,0.35526820932115827,0.8514285714285714,0.7142857142857143,0.9885714285714285,0.984251968503937,0.8278145695364238,0.8514285714285714,0.7308879796508252
inception,PAMS,4,ROS,RGB,False,171,1,53,119,0.4079732638458873,0.8430232558139534,0.6918604651162791,0.9941860465116279,0.9916666666666667,0.815068493150685,0.8430232558139534,0.7197263037995433
inception,PAMS,5,ROS,RGB,False,169,2,53,118,0.4249606072161978,0.8391812865497076,0.6900584795321637,0.9883040935672515,0.9833333333333333,0.8109965635738832,0.8391812865497076,0.7107074680240141
inception,PAMS,1,ROS,RGB,True,173,3,49,127,0.41464325379241596,0.8522727272727273,0.7215909090909091,0.9829545454545454,0.9769230769230769,0.8300653594771242,0.8522727272727273,0.7299170725355949
inception,PAMS,2,ROS,RGB,True,171,5,45,131,0.4633213606747714,0.8579545454545455,0.7443181818181818,0.9715909090909091,0.9632352941176471,0.8397435897435898,0.8579545454545454,0.7351470441147051
inception,PAMS,3,ROS,RGB,True,168,7,2,173,0.1378473172017506,0.9742857142857143,0.9885714285714285,0.96,0.9611111111111111,0.9746478873239437,0.9742857142857142,0.9489588377885488
inception,PAMS,4,ROS,RGB,True,169,3,39,133,0.4278305297674135,0.877906976744186,0.7732558139534884,0.9825581395348837,0.9779411764705882,0.8636363636363636,0.877906976744186,0.7729336780010528
inception,PAMS,5,ROS,RGB,True,166,5,65,106,0.6051497469868576,0.7953216374269005,0.6198830409356725,0.9707602339181286,0.954954954954955,0.75177304964539,0.7953216374269005,0.6307451132108737
inception,PAS,1,ROS,RGB,False,507,0,140,367,0.4735776872559647,0.8619329388560159,0.7238658777120316,1.0,1.0,0.8398169336384439,0.8619329388560157,0.7531489791888245
inception,PAS,2,ROS,RGB,False,504,1,212,293,0.6882141675099288,0.7891089108910891,0.5801980198019802,0.998019801980198,0.9965986394557823,0.7334167709637046,0.7891089108910891,0.6364329775986686
inception,PAS,3,ROS,RGB,False,502,2,160,344,0.6927561315279158,0.8392857142857142,0.6825396825396826,0.996031746031746,0.9942196531791907,0.8094117647058824,0.8392857142857143,0.7145935007125901
inception,PAS,4,ROS,RGB,False,500,2,91,411,0.38058740770318117,0.9073705179282868,0.8187250996015937,0.9960159362549801,0.9951573849878934,0.898360655737705,0.9073705179282869,0.8278555062868785
inception,PAS,5,ROS,RGB,False,499,2,324,177,1.1658524460421351,0.6746506986027944,0.3532934131736527,0.9960079840319361,0.9888268156424581,0.5205882352941177,0.6746506986027945,0.4559441161249829
inception,PAS,1,ROS,RGB,True,506,1,134,373,0.5964611428964303,0.8668639053254439,0.7357001972386588,0.9980276134122288,0.9973262032085561,0.8467650397275823,0.8668639053254438,0.7603563054449844
inception,PAS,2,ROS,RGB,True,502,3,149,356,0.5774513707745194,0.8495049504950495,0.7049504950495049,0.994059405940594,0.9916434540389972,0.8240740740740741,0.8495049504950495,0.7301918592978436
inception,PAS,3,ROS,RGB,True,501,3,166,338,0.784798777765698,0.8323412698412698,0.6706349206349206,0.9940476190476191,0.9912023460410557,0.8,0.8323412698412698,0.7024326671968555
inception,PAS,4,ROS,RGB,True,498,4,84,418,0.49918771167081666,0.9123505976095617,0.8326693227091634,0.9920318725099602,0.990521327014218,0.9047619047619048,0.9123505976095618,0.8353772104824404
inception,PAS,5,ROS,RGB,True,500,1,320,181,1.5513887850348345,0.6796407185628742,0.36127744510978044,0.998003992015968,0.9945054945054945,0.5300146412884333,0.6796407185628742,0.46593988152714955
resnet18,AZAN,1,ROS,RGB,False,172,0,88,84,0.6538455382336018,0.7441860465116279,0.4883720930232558,1.0,1.0,0.65625,0.7441860465116279,0.5683985600588051
resnet18,AZAN,2,ROS,RGB,False,170,0,59,111,0.6199833876946393,0.8264705882352941,0.6529411764705882,1.0,1.0,0.7900355871886121,0.8264705882352941,0.6962155967839562
resnet18,AZAN,3,ROS,RGB,False,167,2,99,70,0.9605763184248343,0.7011834319526628,0.41420118343195267,0.9881656804733728,0.9722222222222222,0.5809128630705395,0.7011834319526628,0.491362316063668
resnet18,AZAN,4,ROS,RGB,False,165,1,129,37,0.7600653329527521,0.608433734939759,0.22289156626506024,0.9939759036144579,0.9736842105263158,0.3627450980392157,0.608433734939759,0.3405940346738684
resnet18,AZAN,5,ROS,RGB,False,166,0,122,44,0.8734065366078572,0.6325301204819277,0.26506024096385544,1.0,1.0,0.41904761904761906,0.6325301204819277,0.39086797998528583
resnet18,AZAN,1,ROS,RGB,True,172,0,122,50,1.0670228004455566,0.6453488372093024,0.29069767441860467,1.0,1.0,0.45045045045045046,0.6453488372093024,0.41239304942116123
resnet18,AZAN,2,ROS,RGB,True,169,1,53,117,0.38841486222603744,0.8411764705882353,0.6882352941176471,0.9941176470588236,0.9915254237288136,0.8125,0.8411764705882353,0.7167051057314039
resnet18,AZAN,3,ROS,RGB,True,168,1,57,112,0.5343748934170198,0.8284023668639053,0.6627218934911243,0.9940828402366864,0.9911504424778761,0.7943262411347518,0.8284023668639053,0.696133442603862
resnet18,AZAN,4,ROS,RGB,True,164,2,28,138,0.5585032320884337,0.9096385542168676,0.8313253012048193,0.9879518072289156,0.9857142857142858,0.9019607843137255,0.9096385542168675,0.8295150620062532
resnet18,AZAN,5,ROS,RGB,True,160,6,37,129,0.3527103759438159,0.8704819277108434,0.7771084337349398,0.963855421686747,0.9555555555555556,0.8571428571428571,0.8704819277108433,0.754232277390189
resnet18,HE,1,ROS,RGB,False,852,1,38,815,0.13387655356739497,0.9771395076201641,0.9554513481828839,0.9988276670574443,0.9987745098039216,0.9766327142001199,0.9771395076201641,0.9551780244451312
resnet18,HE,2,ROS,RGB,False,850,2,132,720,0.23546778679138897,0.9213615023474179,0.8450704225352113,0.9976525821596244,0.997229916897507,0.9148665819567979,0.9213615023474178,0.8527075367575905
resnet18,HE,3,ROS,RGB,False,851,0,252,599,0.7014785672501868,0.8519388954171563,0.7038777908343126,1.0,1.0,0.8262068965517242,0.8519388954171563,0.736929012795854
resnet18,HE,4,ROS,RGB,False,849,1,220,630,0.30582315367810864,0.8699999999999999,0.7411764705882353,0.9988235294117647,0.9984152139461173,0.8507765023632681,0.87,0.7658559895745894
resnet18,HE,5,ROS,RGB,False,846,0,93,753,0.20187203149062452,0.9450354609929078,0.8900709219858156,1.0,1.0,0.9418386491557224,0.9450354609929078,0.8954981479083852
resnet18,HE,1,ROS,RGB,True,852,1,58,795,0.17909321090553704,0.9654161781946072,0.9320046893317703,0.9988276670574443,0.9987437185929648,0.9642207398423287,0.9654161781946073,0.9329175700166361
resnet18,HE,2,ROS,RGB,True,847,5,49,803,0.30903485531048597,0.9683098591549296,0.9424882629107981,0.994131455399061,0.9938118811881188,0.9674698795180723,0.9683098591549295,0.9378712136356124
resnet18,HE,3,ROS,RGB,True,851,0,224,627,0.7531756688386517,0.8683901292596945,0.736780258519389,1.0,1.0,0.8484438430311232,0.8683901292596945,0.7637118657933032
resnet18,HE,4,ROS,RGB,True,847,3,151,699,0.36158634599517375,0.9094117647058823,0.8223529411764706,0.9964705882352941,0.9957264957264957,0.9007731958762887,0.9094117647058824,0.8315251952598827
resnet18,HE,5,ROS,RGB,True,842,4,23,823,0.04614658128848876,0.9840425531914894,0.9728132387706856,0.9952718676122931,0.9951632406287787,0.9838613269575612,0.9840425531914894,0.9683293450084813
resnet18,PAMS,1,ROS,RGB,False,176,0,58,118,0.3423864675516432,0.8352272727272727,0.6704545454545454,1.0,1.0,0.8027210884353742,0.8352272727272727,0.7101221755962168
resnet18,PAMS,2,ROS,RGB,False,176,0,73,103,0.5419221682982012,0.7926136363636364,0.5852272727272727,1.0,1.0,0.7383512544802867,0.7926136363636364,0.6431598700742263
resnet18,PAMS,3,ROS,RGB,False,172,3,45,130,0.39964325376919335,0.8628571428571429,0.7428571428571429,0.9828571428571429,0.9774436090225563,0.8441558441558441,0.8628571428571429,0.7475634051117986
resnet18,PAMS,4,ROS,RGB,False,167,5,8,164,0.16903417401535567,0.9622093023255813,0.9534883720930233,0.9709302325581395,0.9704142011834319,0.9618768328445748,0.9622093023255813,0.9245592493610327
resnet18,PAMS,5,ROS,RGB,False,170,1,89,82,0.7363699212757467,0.7368421052631579,0.47953216374269003,0.9941520467836257,0.9879518072289156,0.6456692913385826,0.7368421052631579,0.5524539596152191
resnet18,PAMS,1,ROS,RGB,True,171,5,15,161,0.2224607223814184,0.9431818181818182,0.9147727272727273,0.9715909090909091,0.9698795180722891,0.9415204678362573,0.9431818181818181,0.8877978362536952
resnet18,PAMS,2,ROS,RGB,True,167,9,27,149,0.26101867719130084,0.8977272727272727,0.8465909090909091,0.9488636363636364,0.9430379746835443,0.8922155688622755,0.8977272727272727,0.7996475799504301
resnet18,PAMS,3,ROS,RGB,True,163,12,9,166,0.16550751388072968,0.94,0.9485714285714286,0.9314285714285714,0.9325842696629213,0.9405099150141643,0.94,0.8801293346295553
resnet18,PAMS,4,ROS,RGB,True,162,10,8,164,0.16065577746823775,0.9476744186046512,0.9534883720930233,0.9418604651162791,0.9425287356321839,0.9479768786127167,0.9476744186046512,0.8954093726096088
resnet18,PAMS,5,ROS,RGB,True,158,13,25,146,0.3887364048706858,0.8888888888888888,0.8538011695906432,0.9239766081871345,0.9182389937106918,0.8848484848484849,0.8888888888888888,0.7796999994990508
resnet18,PAS,1,ROS,RGB,False,507,0,112,395,0.473836151041693,0.8895463510848126,0.7790927021696252,1.0,1.0,0.8758314855875832,0.8895463510848126,0.7988278974178689
resnet18,PAS,2,ROS,RGB,False,504,1,144,361,0.26871973164010754,0.8564356435643564,0.7148514851485148,0.998019801980198,0.9972375690607734,0.8327566320645905,0.8564356435643564,0.7432941462471663
resnet18,PAS,3,ROS,RGB,False,503,1,215,289,0.9121378821039957,0.7857142857142857,0.5734126984126984,0.998015873015873,0.996551724137931,0.7279596977329975,0.7857142857142857,0.6311480818780048
resnet18,PAS,4,ROS,RGB,False,499,3,113,389,0.29287670113413455,0.8844621513944223,0.7749003984063745,0.9940239043824701,0.9923469387755102,0.8702460850111857,0.8844621513944223,0.7880768317262906
resnet18,PAS,5,ROS,RGB,False,497,4,210,291,0.7913058887936636,0.7864271457085827,0.5808383233532934,0.9920159680638723,0.9864406779661017,0.7311557788944724,0.7864271457085829,0.6284361825805695
resnet18,PAS,1,ROS,RGB,True,507,0,111,396,0.5618054863263869,0.8905325443786982,0.7810650887573964,1.0,1.0,0.8770764119601329,0.8905325443786982,0.8004852897018947
resnet18,PAS,2,ROS,RGB,True,503,2,35,470,0.17825009999888958,0.9633663366336633,0.9306930693069307,0.996039603960396,0.9957627118644068,0.962128966223132,0.9633663366336633,0.9287176856292386
resnet18,PAS,3,ROS,RGB,True,496,8,131,373,0.49865412144433885,0.8621031746031745,0.7400793650793651,0.9841269841269841,0.979002624671916,0.8429378531073446,0.8621031746031746,0.7467867541387536
resnet18,PAS,4,ROS,RGB,True,488,14,41,461,0.17014998687334745,0.945219123505976,0.9183266932270916,0.9721115537848606,0.9705263157894737,0.9437052200614124,0.9452191235059761,0.8917289829577488
resnet18,PAS,5,ROS,RGB,True,495,6,196,305,1.1460339202138479,0.7984031936127743,0.6087824351297405,0.9880239520958084,0.9807073954983923,0.7512315270935961,0.7984031936127745,0.6449884982068739
resnet50,AZAN,1,ROS,RGB,False,171,1,108,64,0.6982813629993173,0.6831395348837209,0.37209302325581395,0.9941860465116279,0.9846153846153847,0.540084388185654,0.6831395348837209,0.4678232153218186
resnet50,AZAN,2,ROS,RGB,False,168,2,104,66,0.655913062656627,0.6882352941176471,0.38823529411764707,0.9882352941176471,0.9705882352941176,0.5546218487394958,0.6882352941176471,0.47058823529411764
resnet50,AZAN,3,ROS,RGB,False,168,1,124,45,0.7435672477152221,0.6301775147928994,0.26627218934911245,0.9940828402366864,0.9782608695652174,0.4186046511627907,0.6301775147928994,0.3796490652506364
resnet50,AZAN,4,ROS,RGB,False,165,1,83,83,0.4980604666543294,0.746987951807229,0.5,0.9939759036144579,0.9880952380952381,0.664,0.7469879518072289,0.5681308453605356
resnet50,AZAN,5,ROS,RGB,False,165,1,94,72,0.35086648830448286,0.713855421686747,0.43373493975903615,0.9939759036144579,0.9863013698630136,0.602510460251046,0.713855421686747,0.5163533947449788
resnet50,AZAN,1,ROS,RGB,True,164,8,3,169,0.2903088248053262,0.9680232558139534,0.9825581395348837,0.9534883720930233,0.9548022598870056,0.9684813753581661,0.9680232558139534,0.9364422661680554
resnet50,AZAN,2,ROS,RGB,True,150,20,32,138,0.3642774950055515,0.8470588235294118,0.8117647058823529,0.8823529411764706,0.8734177215189873,0.8414634146341463,0.8470588235294118,0.6958534260468252
resnet50,AZAN,3,ROS,RGB,True,147,22,3,166,0.2745871986510486,0.9260355029585798,0.9822485207100592,0.8698224852071006,0.8829787234042553,0.9299719887955182,0.9260355029585798,0.8575075212125957
resnet50,AZAN,4,ROS,RGB,True,149,17,11,155,0.23328814520893326,0.9156626506024097,0.9337349397590361,0.8975903614457831,0.9011627906976745,0.9171597633136095,0.9156626506024096,0.8318688682439609
resnet50,AZAN,5,ROS,RGB,True,154,12,0,166,0.21511904374662652,0.963855421686747,1.0,0.927710843373494,0.9325842696629213,0.9651162790697675,0.963855421686747,0.9301443647766956
resnet50,HE,1,ROS,RGB,False,853,0,95,758,0.14309322968527133,0.9443141852286049,0.8886283704572099,1.0,1.0,0.9410304158907511,0.944314185228605,0.8941912877409005
resnet50,HE,2,ROS,RGB,False,851,1,175,677,0.3285505830577002,0.8967136150234742,0.7946009389671361,0.9988262910798122,0.9985250737463127,0.8849673202614379,0.8967136150234742,0.810509610166671
resnet50,HE,3,ROS,RGB,False,851,0,188,663,0.507895069986967,0.8895417156286721,0.7790834312573442,1.0,1.0,0.8758256274768824,0.8895417156286721,0.7988201116278291
resnet50,HE,4,ROS,RGB,False,847,3,152,698,0.16940228185232947,0.9088235294117646,0.8211764705882353,0.9964705882352941,0.9957203994293866,0.9000644745325597,0.9088235294117647,0.8305065299581639
resnet50,HE,5,ROS,RGB,False,845,1,108,738,0.11886018468837647,0.9355791962174941,0.8723404255319149,0.9988179669030733,0.9986468200270636,0.931230283911672,0.9355791962174942,0.8782108903997237
resnet50,HE,1,ROS,RGB,True,844,9,0,853,0.032088147452295455,0.9947245017584994,1.0,0.9894490035169988,0.9895591647331786,0.9947521865889213,0.9947245017584994,0.9895040825920616
resnet50,HE,2,ROS,RGB,True,845,7,102,750,0.29807727984065285,0.9360328638497653,0.8802816901408451,0.9917840375586855,0.9907529722589168,0.9322560596643878,0.9360328638497653,0.8775379044733551
resnet50,HE,3,ROS,RGB,True,845,6,135,716,0.35442266859263005,0.9171562867215041,0.8413631022326674,0.9929494712103408,0.9916897506925207,0.9103623649078194,0.9171562867215042,0.8440665935035899
resnet50,HE,4,ROS,RGB,True,832,18,45,805,0.09412185535095084,0.9629411764705882,0.9470588235294117,0.9788235294117648,0.9781287970838396,0.9623430962343096,0.9629411764705882,0.9263498127651306
resnet50,HE,5,ROS,RGB,True,843,3,99,747,0.17395869085904272,0.9397163120567376,0.8829787234042553,0.9964539007092199,0.996,0.9360902255639098,0.9397163120567376,0.8851499567078296
resnet50,PAMS,1,ROS,RGB,False,174,2,42,134,0.40274214202707465,0.875,0.7613636363636364,0.9886363636363636,0.9852941176470589,0.8589743589743589,0.875,0.7701540462154054
resnet50,PAMS,2,ROS,RGB,False,174,2,54,122,0.31218658929521387,0.8409090909090909,0.6931818181818182,0.9886363636363636,0.9838709677419355,0.8133333333333334,0.8409090909090909,0.7136791021047098
resnet50,PAMS,3,ROS,RGB,False,172,3,45,130,0.21627998862947737,0.8628571428571429,0.7428571428571429,0.9828571428571429,0.9774436090225563,0.8441558441558441,0.8628571428571429,0.7475634051117986
resnet50,PAMS,4,ROS,RGB,False,169,3,33,139,0.2586021873840066,0.8953488372093024,0.8081395348837209,0.9825581395348837,0.9788732394366197,0.8853503184713376,0.8953488372093024,0.8030064828621352
resnet50,PAMS,5,ROS,RGB,False,168,3,77,94,0.3791859778221588,0.7660818713450293,0.5497076023391813,0.9824561403508771,0.9690721649484536,0.7014925373134329,0.7660818713450293,0.5902995919424497
resnet50,PAMS,1,ROS,RGB,True,148,28,16,160,0.21451996740969745,0.875,0.9090909090909091,0.8409090909090909,0.851063829787234,0.8791208791208791,0.875,0.7517493868524991
resnet50,PAMS,2,ROS,RGB,True,136,40,26,150,0.24716106734492563,0.8125,0.8522727272727273,0.7727272727272727,0.7894736842105263,0.819672131147541,0.8125,0.6269867707187052
resnet50,PAMS,3,ROS,RGB,True,142,33,2,173,0.14760984531470708,0.9,0.9885714285714285,0.8114285714285714,0.8398058252427184,0.9081364829396326,0.8999999999999999,0.8128551833402207
resnet50,PAMS,4,ROS,RGB,True,141,31,0,172,0.08932234832020693,0.9098837209302325,1.0,0.8197674418604651,0.8472906403940886,0.9173333333333333,0.9098837209302326,0.8334154310955475
resnet50,PAMS,5,ROS,RGB,True,137,34,11,160,0.21932922870095012,0.8684210526315789,0.935672514619883,0.8011695906432749,0.8247422680412371,0.8767123287671232,0.868421052631579,0.7435990434875639
resnet50,PAS,1,ROS,RGB,False,507,0,103,404,0.3992553216348268,0.8984220907297831,0.796844181459566,1.0,1.0,0.8869374313940724,0.8984220907297831,0.8138151399225829
resnet50,PAS,2,ROS,RGB,False,504,1,70,435,0.1844103776582397,0.9297029702970298,0.8613861386138614,0.998019801980198,0.9977064220183486,0.924548352816153,0.9297029702970296,0.8675420586576433
resnet50,PAS,3,ROS,RGB,False,501,3,125,379,0.2905391040775511,0.873015873015873,0.751984126984127,0.9940476190476191,0.9921465968586387,0.8555304740406321,0.873015873015873,0.768898470260024
resnet50,PAS,4,ROS,RGB,False,499,3,180,322,0.7458252980414615,0.8177290836653386,0.6414342629482072,0.9940239043824701,0.9907692307692307,0.7787182587666264,0.8177290836653386,0.6790693289394593
resnet50,PAS,5,ROS,RGB,False,499,2,160,341,0.48307369289521923,0.8383233532934131,0.6806387225548902,0.9960079840319361,0.9941690962099126,0.8080568720379147,0.8383233532934131,0.7130334940430174
resnet50,PAS,1,ROS,RGB,True,501,6,86,421,0.44926185024207865,0.9092702169625247,0.8303747534516766,0.9881656804733728,0.9859484777517564,0.9014989293361885,0.9092702169625246,0.8289247530534967
resnet50,PAS,2,ROS,RGB,True,492,13,27,478,0.12645750669854702,0.9603960396039604,0.9465346534653465,0.9742574257425742,0.9735234215885947,0.9598393574297188,0.9603960396039604,0.9211461216403665
resnet50,PAS,3,ROS,RGB,True,492,12,33,471,0.12557601047650216,0.9553571428571428,0.9345238095238095,0.9761904761904762,0.9751552795031055,0.9544072948328267,0.9553571428571428,0.911505867163784
resnet50,PAS,4,ROS,RGB,True,476,26,85,417,0.43041432010700026,0.8894422310756972,0.8306772908366534,0.9482071713147411,0.9413092550790068,0.8825396825396825,0.8894422310756973,0.7843203143899029
resnet50,PAS,5,ROS,RGB,True,493,8,162,339,0.5302216697357848,0.8303393213572854,0.6766467065868264,0.9840319361277445,0.9769452449567724,0.7995283018867925,0.8303393213572854,0.6942927118384836
vgg,AZAN,1,ROS,RGB,False,172,0,68,104,0.8913524178571479,0.8023255813953488,0.6046511627906976,1.0,1.0,0.7536231884057971,0.8023255813953488,0.6582805886043833
vgg,AZAN,2,ROS,RGB,False,170,0,75,95,1.0289621156804702,0.7794117647058824,0.5588235294117647,1.0,1.0,0.7169811320754716,0.7794117647058824,0.6226998490772391
vgg,AZAN,3,ROS,RGB,False,169,0,82,87,0.9621165567601221,0.757396449704142,0.514792899408284,1.0,1.0,0.6796875,0.757396449704142,0.5887389453881348
vgg,AZAN,4,ROS,RGB,False,165,1,28,138,0.22141962148338915,0.9126506024096386,0.8313253012048193,0.9939759036144579,0.9928057553956835,0.9049180327868852,0.9126506024096386,0.8364394591362183
vgg,AZAN,5,ROS,RGB,False,166,0,22,144,0.17856131943681905,0.9337349397590362,0.8674698795180723,1.0,1.0,0.9290322580645162,0.9337349397590362,0.8751899489873673
vgg,AZAN,1,ROS,RGB,True,171,1,43,129,0.42326355881469196,0.872093023255814,0.75,0.9941860465116279,0.9923076923076923,0.8543046357615894,0.872093023255814,0.7674169845534855
vgg,AZAN,2,ROS,RGB,True,170,0,42,128,0.7504610531470355,0.8764705882352941,0.7529411764705882,1.0,1.0,0.8590604026845637,0.8764705882352941,0.7770286898858114
vgg,AZAN,3,ROS,RGB,True,168,1,69,100,1.3800549676432412,0.7928994082840236,0.591715976331361,0.9940828402366864,0.9900990099009901,0.7407407407407407,0.7928994082840237,0.6398826499758121
vgg,AZAN,4,ROS,RGB,True,166,0,28,138,0.25612463505871325,0.9156626506024097,0.8313253012048193,1.0,1.0,0.9078947368421053,0.9156626506024097,0.8434098684421276
vgg,AZAN,5,ROS,RGB,True,166,0,4,162,0.1165280172093603,0.9879518072289157,0.9759036144578314,1.0,1.0,0.9878048780487805,0.9879518072289157,0.9761870601839527
vgg,HE,1,ROS,RGB,False,852,1,53,800,0.10956259315684962,0.9683470105509964,0.9378663540445487,0.9988276670574443,0.9987515605493134,0.9673518742442564,0.9683470105509965,0.9384393967592353
vgg,HE,2,ROS,RGB,False,851,1,55,797,0.3206542030194372,0.9671361502347418,0.9354460093896714,0.9988262910798122,0.9987468671679198,0.9660606060606061,0.9671361502347418,0.9361544870076266
vgg,HE,3,ROS,RGB,False,850,1,264,587,0.9143221409844736,0.8443008225616921,0.6897767332549941,0.9988249118683902,0.9982993197278912,0.8158443363446838,0.8443008225616921,0.7240463316762978
vgg,HE,4,ROS,RGB,False,849,1,137,713,0.3256155440558402,0.9188235294117646,0.8388235294117647,0.9988235294117647,0.9985994397759104,0.9117647058823529,0.9188235294117647,0.8485792936953718
vgg,HE,5,ROS,RGB,False,845,1,95,751,0.40091474119344855,0.9432624113475178,0.8877068557919622,0.9988179669030733,0.9986702127659575,0.9399249061326659,0.9432624113475178,0.8920483952791715
vgg,HE,1,ROS,RGB,True,850,3,71,782,0.13516144619016512,0.9566236811254396,0.9167643610785463,0.9964830011723329,0.9961783439490446,0.9548229548229549,0.9566236811254396,0.9161631387001625
vgg,HE,2,ROS,RGB,True,848,4,49,803,0.5698249377168173,0.9688967136150235,0.9424882629107981,0.9953051643192489,0.9950433705080545,0.9680530440024111,0.9688967136150235,0.9391042163557323
vgg,HE,3,ROS,RGB,True,849,2,216,635,1.3532863180869894,0.8719153936545241,0.7461809635722679,0.9976498237367802,0.9968602825745683,0.853494623655914,0.8719153936545241,0.7685271064642625
vgg,HE,4,ROS,RGB,True,847,3,61,789,0.45302487555014737,0.9623529411764705,0.928235294117647,0.9964705882352941,0.9962121212121212,0.9610231425091352,0.9623529411764706,0.92686616999246
vgg,HE,5,ROS,RGB,True,843,3,83,763,0.48151002043394986,0.9491725768321513,0.9018912529550828,0.9964539007092199,0.9960835509138382,0.9466501240694789,0.9491725768321513,0.9023888367722298
vgg,PAMS,1,ROS,RGB,False,173,3,31,145,0.2756074599244378,0.9034090909090909,0.8238636363636364,0.9829545454545454,0.9797297297297297,0.8950617283950617,0.9034090909090908,0.8172264285411323
vgg,PAMS,2,ROS,RGB,False,175,1,60,116,0.7901354377919977,0.8267045454545455,0.6590909090909091,0.9943181818181818,0.9914529914529915,0.7918088737201365,0.8267045454545454,0.6935391444081092
vgg,PAMS,3,ROS,RGB,False,175,0,47,128,0.7568012499809265,0.8657142857142857,0.7314285714285714,1.0,1.0,0.8448844884488449,0.8657142857142857,0.7593263966019992
vgg,PAMS,4,ROS,RGB,False,169,3,29,143,0.1897621664196946,0.9069767441860465,0.8313953488372093,0.9825581395348837,0.9794520547945206,0.89937106918239,0.9069767441860466,0.8234154521140165
vgg,PAMS,5,ROS,RGB,False,169,2,27,144,0.20630071177120096,0.915204678362573,0.8421052631578947,0.9883040935672515,0.9863013698630136,0.9085173501577287,0.9152046783625731,0.8394288298681161
vgg,PAMS,1,ROS,RGB,True,173,3,19,157,0.3414924049919302,0.9375,0.8920454545454546,0.9829545454545454,0.98125,0.9345238095238095,0.9375,0.8786382693312039
vgg,PAMS,2,ROS,RGB,True,172,4,49,127,0.8631998842412775,0.8494318181818182,0.7215909090909091,0.9772727272727273,0.9694656488549618,0.8273615635179153,0.8494318181818181,0.7228918471717143
vgg,PAMS,3,ROS,RGB,True,172,3,30,145,0.6691097777230399,0.9057142857142857,0.8285714285714286,0.9828571428571429,0.9797297297297297,0.8978328173374613,0.9057142857142857,0.8212621391517902
vgg,PAMS,4,ROS,RGB,True,150,22,12,160,0.1050268085890038,0.9011627906976744,0.9302325581395349,0.872093023255814,0.8791208791208791,0.903954802259887,0.9011627906976745,0.803685041486804
vgg,PAMS,5,ROS,RGB,True,162,9,41,130,0.7708235264521593,0.8538011695906432,0.7602339181286549,0.9473684210526315,0.935251798561151,0.8387096774193549,0.8538011695906432,0.7203274270952125
vgg,PAS,1,ROS,RGB,False,507,0,146,361,0.7833445843389989,0.8560157790927022,0.7120315581854043,1.0,1.0,0.8317972350230415,0.8560157790927021,0.7435274561850908
vgg,PAS,2,ROS,RGB,False,504,1,120,385,0.639011023540308,0.8801980198019802,0.7623762376237624,0.998019801980198,0.9974093264248705,0.8641975308641975,0.8801980198019802,0.7824296096527655
vgg,PAS,3,ROS,RGB,False,503,1,166,338,0.8704001581858075,0.8343253968253967,0.6706349206349206,0.998015873015873,0.9970501474926253,0.8018979833926453,0.8343253968253967,0.7076475263432039
vgg,PAS,4,ROS,RGB,False,498,4,56,446,0.26005202074687317,0.9402390438247011,0.8884462151394422,0.9920318725099602,0.9911111111111112,0.9369747899159664,0.9402390438247012,0.8852402050391349
vgg,PAS,5,ROS,RGB,False,499,2,185,316,0.8339055584457344,0.8133732534930139,0.6307385229540918,0.9960079840319361,0.9937106918238994,0.7716727716727717,0.813373253493014,0.6732680992212242
vgg,PAS,1,ROS,RGB,True,507,0,141,366,1.5746217305373393,0.8609467455621302,0.7218934911242604,1.0,1.0,0.8384879725085911,0.8609467455621302,0.7515416254704824
vgg,PAS,2,ROS,RGB,True,504,1,68,437,0.666638206428673,0.9316831683168317,0.8653465346534653,0.998019801980198,0.997716894977169,0.926829268292683,0.9316831683168316,0.8710667164521034
vgg,PAS,3,ROS,RGB,True,493,11,96,408,0.4772444399931128,0.8938492063492063,0.8095238095238095,0.9781746031746031,0.9737470167064439,0.8840736728060672,0.8938492063492063,0.7991454808737123
vgg,PAS,4,ROS,RGB,True,498,4,38,464,0.13183492439357467,0.9581673306772909,0.9243027888446215,0.9920318725099602,0.9914529914529915,0.9567010309278351,0.9581673306772909,0.918443638266957
vgg,PAS,5,ROS,RGB,True,498,3,104,397,1.0301865096577627,0.8932135728542914,0.7924151696606786,0.9940119760479041,0.9925,0.881243063263041,0.8932135728542914,0.802912058750134
